300.0, 0.9
399.5186753152439, 0.97774216
400.6030484584406, 0.98
401.91781333529696, 0.9836471537393523
403.5358031885809, 0.9863578255209461
405.2421102257703, 0.9889711241389729
406.8601000790543, 0.9910949347692847
408.69299772486045, 0.9928650759974638
410.9557109557109, 0.9943756007585796
412.19452146739724, 0.9951450393578054
413.38269573563684, 0.9956847534087487
415.215593381443, 0.996332
416.9262065095398, 0.9966
420.44874228289257, 0.996723
424.662887040338, 0.9965632231353272
427.7296966226704, 0.9963
429.82067406087015, 0.9959768971943913
434.4165638283285, 0.9956324526537292
438.416985761757, 0.9953905712534554
442.56951215693044, 0.9952874154814378
447.0132974626439, 0.9953710270554242
451.31145331308727, 0.9955273806396738
456.2594268476621, 0.9957506930759211
462.05684293919586, 0.9960159855904537
467.5853558206499, 0.996160593206186
473.6618637353931, 0.9962309717687968
478.9112847936377, 0.9960975316476837
484.4072533615017, 0.99588
488.61922391334156, 0.9956067025173408
495.9001782531194, 0.9950714675395527
499.45079883805374, 0.9947847
502.3721376662553, 0.994556464811784
506.32784819876326, 0.994237463569615
509.65309200603315, 0.9939954796976074
517.743041272453, 0.99347312
521.8012092603597, 0.993241
527.4509803921569, 0.9930285358005723
532.5465988864682, 0.9928498255094
538.7769093651447, 0.9927762895665632
545.0112508527541, 0.992752104519244
550.1028383381324, 0.9928078203458143
561.4287673111203, 0.9930390460603227
572.754696284108, 0.9934226705412116
584.0806252570958, 0.993885
595.4065542300837, 0.9943633387888707
603.4965034965035, 0.9947311978801341
618.0584121760593, 0.9953
629.384341149047, 0.9956718661277932
640.7102701220348, 0.9959293674916776
652.0361990950227, 0.9960660008684326
663.3621280680104, 0.9960449803489317
674.6880570409982, 0.9958623645857689
686.013986013986, 0.9955720186601646
697.3399149869738, 0.9951673736597749
707.8568490333196, 0.9946944119710077
717.5647881530234, 0.9941978021978022
727.2727272727273, 0.9936950614397423
736.9806663924311, 0.9931677967422649
747.4976004387769, 0.9926659318391842
758.8235294117648, 0.9921561842412907
770.1494583847525, 0.991725263591525
781.4753873577403, 0.991420466058764
792.8013163307281, 0.9912628121625082
804.1272453037159, 0.9912365365131323
815.4531742767037, 0.9913521493703865
826.7791032496915, 0.9916043956043956
838.1050322226793, 0.991972254695659
849.4309611956671, 0.9924504715143013
859.9478952420129, 0.9929286883329437
869.6558343617168, 0.9934191671212949
879.3637734814206, 0.9939648247733355
887.4537227478404, 0.994446107084405
892.7320591536278, 0.9947847011144884
895.4930357708134, 0.9950886347163788
900.468739684426, 0.9951169524810187
903.9072643647809, 0.9952928502632995
907.67859591389, 0.9954511506730352
913.9037433155078, 0.9957852077001014
919.0045248868779, 0.995647624243369
922.3893345216875, 0.9958596320062042
924.7822038467465, 0.9960584043178606
929.266383882397, 0.9961918833727345
932.280441206095, 0.9963730630196351
936.5732488281508, 0.9964850463432025
941.6563828328534, 0.996382065755926
947.7484540393039, 0.99644595794714
952.9823118058413, 0.996465390738947
958.0640280803681, 0.9964264137491088
964.308240778829, 0.9963707984011936
972.2479423868314, 0.9961332507786409
975.6341697518169, 0.9959241123618023
981.2740696727626, 0.9957032784219546
986.1511037981627, 0.9954423921232433
991.1598281287824, 0.9951755850751123
995.3197129667718, 0.9949335203803289
1000.7130124777184, 0.9944185176525603
1006.6995749348691, 0.9937821214246747
1012.8479363773482, 0.9932842854544982
1017.7019059372001, 0.9927324968176032
1021.9086795557384, 0.9922003273322423
1026.600850130262, 0.9915860026498324
1031.4548196901137, 0.9909299872704128
1036.3087892499657, 0.9902126620424493
1041.0009598244892, 0.9895223131478451
1044.3987385163855, 0.98890063128361
1047.6347182229536, 0.9883120567375887
1050.8706979295216, 0.9877234821915674
1054.1066776360894, 0.9871441041228276
1057.7218366842549, 0.986513225781311
1060.5786370492253, 0.9859945444626296
1063.1698933782268, 0.985385274475109
1066.4589818919885, 0.9847107162341205
1069.6418527913625, 0.9840387602940794
1072.8778324979305, 0.9833275660509704
1076.1138122044986, 0.9826041098381524
1079.5646997035885, 0.9818622606707713
1083.0155872026787, 0.9810836255942639
1086.0366591167244, 0.9803233834723196
1089.4875466158146, 0.979557
1092.5086185298603, 0.9787354583950328
1095.7445982364284, 0.977901644454836
